[
  {
    "id": "6288276726340@s.whatsapp.net",
    "time": 1735442259229,
    "reason": "Nggak ada alasan yang disebutkan~ 🤭"
  },
  {
    "id": "6285796657277@s.whatsapp.net",
    "time": 1735636871455,
    "reason": "*⚠️`[ GROUP NOTIFICATION ]`⚠️*\n\n 𝗖𝗔𝗥𝗜 𝗔𝗞𝗨𝗡/𝗝𝗨𝗔𝗟 𝗔𝗞𝗨𝗡 𝗠𝗔𝗦𝗨𝗞 𝗟𝗜𝗡𝗞 𝗗𝗜 𝗕𝗔𝗪𝗔𝗛 𝗗𝗜 𝗝𝗔𝗠𝗜𝗡 𝗗𝗔𝗣𝗔𝗧 𝗗𝗔𝗡𝗔 𝟱𝟬𝗞 𝗗𝗔𝗣𝗘𝗧 𝗣𝗢𝗟𝗢𝗦𝗔𝗡 𝗦𝗚 𝗔𝗟𝗟 𝗔𝗗𝗠𝗜𝗡? 𝗙𝗨𝗟𝗟 𝗜𝗗𝗘𝗡𝗧!‼️🚀\n\n*JB NOXXDZ⁰¹*\nhttps://chat.whatsapp.com/GJ3mLGmq3Vf9CNtfv6LacB\n\n*OTW FULL MEMBER*\n*#NO SHARELINK*\n*#PATUHI ATURAN*\n*#NO 18+*"
  }
]